season,episode,episode_no,title,air_date,rating,num_votes,description,directed_by,written_by,total_lines,total_scenes,year,month,day,air_dates_diff_days
1,1,1,Pilot,2005-03-24,7.5,4349,"The premiere episode introduces the boss and staff of the Dunder-Mifflin Paper Company in Scranton, Pennsylvania in a documentary about the workplace.",Ken Kwapis,Ricky Gervais | Stephen Merchant | Greg Daniels,229,39,2005,3,3,0
1,2,2,Diversity Day,2005-03-29,8.3,4213,"Michael's off color remark puts a sensitivity trainer in the office for a presentation, which prompts Michael to create his own.",Ken Kwapis,B. J. Novak,217,35,2005,3,1,5
1,3,3,Health Care,2005-04-05,7.8,3536,"Michael leaves Dwight in charge of picking the new healthcare plan for the staff, with disastrous results ahead.",Ken Whittingham,Paul Lieberstein,244,39,2005,4,1,12
1,4,4,The Alliance,2005-04-12,8.1,3428,"Just for a laugh, Jim agrees to an alliance with Dwight regarding the downsizing rumors.",Bryan Gordon,Michael Schur,265,49,2005,4,1,19
1,5,5,Basketball,2005-04-19,8.4,3745,Michael and his staff challenge the warehouse workers to a basketball game with a bet looming over both parties.,Greg Daniels,Greg Daniels,235,40,2005,4,1,26
1,6,6,Hot Girl,2005-04-26,7.8,3372,Michael is just one of the many male staff who start vying for the attention of an attractive saleswoman in the office.,Amy Heckerling,Mindy Kaling,346,36,2005,4,1,33
2,1,7,The Dundies,2005-09-20,8.7,3780,"Very much unlike his staff, an overeager Michael can't wait for this year's annual Dundies awards.",Greg Daniels,Mindy Kaling,279,62,2005,9,1,0
2,2,8,Sexual Harassment,2005-09-27,8.2,3218,The office reviews its sexual harassment policy in light of explicit e-mails.,Ken Kwapis,B. J. Novak,283,45,2005,9,1,7
2,3,9,Office Olympics,2005-10-04,8.4,3218,"Ready to finalize his deal for a new condo, Michael is away with Dwight while Jim rallies the staff together for office games.",Paul Feig,Michael Schur,287,50,2005,10,1,14
2,4,10,The Fire,2005-10-11,8.4,3183,A fire in the kitchen relegates the staff to the parking lot as help is on its way.,Ken Kwapis,B. J. Novak,319,53,2005,10,1,21
2,5,11,Halloween,2005-10-18,8.1,2992,"Michael is pressured by corporate to fire someone, which puts a damper on the office Halloween party.",Paul Feig,Greg Daniels,276,43,2005,10,1,28
2,6,12,The Fight,2005-11-01,8.2,2981,Jim rallies the staff together to witness a showdown between Michael and Dwight at Dwight's martial arts school.,Ken Kwapis,Gene Stupnitsky | Lee Eisenberg,278,37,2005,11,1,42
2,7,13,The Client,2005-11-08,8.6,3087,"With Michael and Jan Levinson-Gould away from the office to land a new client, the staff discovers an unproduced screenplay in Michael's office.",Greg Daniels,Paul Lieberstein,254,44,2005,11,1,49
2,8,14,Performance Review,2005-11-15,8.2,2828,"Instead of talking to his employees about their work, Michael uses their annual review time to gather feedback on his ""relationship"" with Jan.",Paul Feig,Larry Wilmore,284,41,2005,11,1,56
2,9,15,E-Mail Surveillance,2005-11-22,8.4,2940,"Michael decides to set up e-mail surveillance for all company e-mail, and discovers that Jim has invited everyone over for a barbeque except him.",Paul Feig,Jennifer Celotta,275,38,2005,11,1,63
2,10,16,Christmas Party,2005-12-06,8.9,3204,"Seeing the party is headed for disastrous boredom, Michael breaks corporate policy to buy alcohol for the staff.",Charles McDougall,Michael Schur,292,70,2005,12,1,77
2,11,17,Booze Cruise,2006-01-05,8.6,3115,"The Dunder Mifflin staff go on a mandatory ""booze cruise"" to hear Michael give a motivational talk.",Ken Kwapis,Greg Daniels,248,43,2006,1,3,107
2,12,18,The Injury,2006-01-12,9.1,3783,"Michael's ""injury"" from a George Foreman Grill distracts the staff from Dwight, the one with the real injury.",Bryan Gordon,Mindy Kaling,361,37,2006,1,3,114
2,13,19,The Secret,2006-01-19,8.3,2762,"Jim fears the secret he told to Michael, in confidence, will be revealed to the staff.",Dennie Gordon,Gene Stupnitsky | Lee Eisenberg,262,44,2006,1,3,121
2,14,20,The Carpet,2006-01-26,7.9,2745,Michael's office becomes the victim of an odorous prank which subjects the office to his punishment.,"Victor Nelli, Jr.",Paul Lieberstein,276,60,2006,1,3,128
2,15,21,Boys and Girls,2006-02-02,8.2,2723,"Jan comes into the Scranton Branch to give all the female employees a group seminar on women in the workplace. Upset that he is not allowed in on the proceedings, Michael takes all the men of Dunder Mifflin down into the warehouse for some ""guy time"" with the warehouse workers. Pam is offered a chance to pursue her dreams of drawing and Roy confronts Jim about his feelings for Pam.",Dennie Gordon,B. J. Novak,281,52,2006,2,3,135
2,16,22,Valentine's Day,2006-02-09,8.3,2731,"When Michael visits Dunder Mifflin corporate headquarters in New York on Valentine's Day, he and Jan are both in for a surprise. Meanwhile, back in Scranton, the office staff celebrates Valentine's Day grade school style.",Greg Daniels,Michael Schur,204,48,2006,2,3,142
2,17,23,Dwight's Speech,2006-03-02,8.5,2875,Michael coaches pompous Dwight on the finer art of public speaking after being named as Salesman of the Year.,Charles McDougall,Paul Lieberstein,220,45,2006,3,3,163
2,18,24,Take Your Daughter to Work Day,2006-03-16,8.3,2819,"A routine office day is changed when children come to Dunder Mifflin for ""Take Your Daughter to Work Day."" Michael is surprised when he strikes up a friendship with the five-year old daughter of his sworn enemy, Toby. Pam is desperate to befriend her colleagues' offspring and a misunderstanding puts Ryan under Stanley's thumb.","Victor Nelli, Jr.",Mindy Kaling,267,44,2006,3,3,177
2,19,25,Michael's Birthday,2006-03-30,8.1,2719,"In celebration of his birthday, Michael makes a mandatory invite of the staff during the workday to go ice skating.",Ken Whittingham,Gene Stupnitsky | Lee Eisenberg,250,42,2006,3,3,191
2,20,26,Drug Testing,2006-04-27,8.4,2783,Dwight plays the role of Volunteer Sheriff after finding half a joint in the Dunder Mifflin parking lot leading to an investigation. Pam gives Jim a play challenge which he tries to complete.,Greg Daniels,Jennifer Celotta,213,39,2006,4,3,219
2,21,27,Conflict Resolution,2006-05-04,8.7,2838,"When Michael takes over conflict resolution duties from HR, chaos ensues at Dunder Mifflin.",Charles McDougall,Greg Daniels,257,59,2006,5,3,226
2,22,28,Casino Night,2006-05-11,9.4,4195,The Dunder Mifflin crew holds a casino party at the warehouse and Michael has two dates.,Ken Kwapis,Steve Carell,385,57,2006,5,3,233
3,1,29,Gay Witch Hunt,2006-09-21,9.0,3608,"Michael apologizes to Oscar, after he finds out he's gay, for calling him a homosexual slur--but his apology outs Oscar to the entire office. And Jim decides to take a promotion at the Stamford office.",Ken Kwapis,Greg Daniels,173,61,2006,9,3,0
3,2,30,The Convention,2006-09-28,8.2,2663,"Michael and Dwight go to a convention in Philadelphia and run into Jim, and Michael becomes jealous of Jim's relationship with his new boss. Meanwhile, Pam gets ready for her first date since her engagement.",Ken Whittingham,Gene Stupnitsky | Lee Eisenberg,335,51,2006,9,3,7
3,3,31,The Coup,2006-10-05,8.6,2787,"Michael is in trouble once again as Jan busts him for declaring it's ""Movie Monday"" where everyone watches a movie and neglects work. Angela pushes Dwight to make a move on Michael's job while Pam and Jim find creative ways to waste time.",Greg Daniels,Paul Lieberstein,291,66,2006,10,3,14
3,4,32,Grief Counseling,2006-10-12,8.0,2686,Michael takes on the role of office grief counselor when he learns that his old boss has died.,Roger Nygard,Jennifer Celotta,313,55,2006,10,3,21
3,5,33,Initiation,2006-10-19,8.2,2622,Dwight takes former temp Ryan to his beet farm to initiate Ryan to his new job at Dunder Mifflin.,Randall Einhorn,B. J. Novak,312,60,2006,10,3,28
3,6,34,Diwali,2006-11-02,8.0,2697,"Michael encourages the entire Scranton branch to support Kelly and attend a local celebration of Diwali, the Hindu Festival of Lights. Meanwhile, Andy convinces Jim to turn a late night of work into a drinking game.",Miguel Arteta,Mindy Kaling,279,52,2006,11,3,42
3,7,35,Branch Closing,2006-11-09,8.6,2642,"When Jan tells Michael that the Scranton Branch will be shutting down, Michael strives to keep his staff's spirits up. Meanwhile, everyone privately begins to envision how their lives will change in the aftermath.",Tucker Gates,Michael Schur,260,51,2006,11,3,49
3,8,36,The Merger,2006-11-16,8.7,2768,Jan informs Michael that the Scanton branch of Dunder Mifflin will be merging with the Stamford Branch. Jim and Pam are reunited while the other employees of both branches must adjust to their new co-workers.,Ken Whittingham,Brent Forrester,584,76,2006,11,3,56
3,9,37,The Convict,2006-11-30,8.3,2772,"Michael learns that one of the new employees at Dunder Mifflin Scranton has a criminal record. Meanwhile, Jim helps Andy make a move on Pam.",Jeffrey Blitz,Ricky Gervais | Stephen Merchant,191,32,2006,11,3,70
3,10,38,A Benihana Christmas,2006-12-14,8.8,2935,"Trouble among the members of the party planning committee results with Pam and Karen hosting a rival Christmas party, but Michael isn't interested in celebrating after being dumped by Carol.",Harold Ramis,Jennifer Celotta,547,88,2006,12,3,84
3,11,39,Back from Vacation,2007-01-04,8.5,2623,"Michael isn't supposed to let anyone know that he and Jan went on vacation together in Jamaica, but he accidentally circulates a compromising photo of them to the office via e-mail.",Julian Farino,Justin Spitzer,323,69,2007,1,3,105
3,12,40,Traveling Salesmen,2007-01-11,8.6,2688,"Dwight does a favor for Angela to keep her from getting in trouble. Andy finds out and uses it against him to get in tighter with Michael. Now Dwight must fess up, which will reveal his relationship with Angela, or risk getting fired.",Greg Daniels,Lee Eisenberg | Gene Stupnitsky | Michael Schur,229,46,2007,1,3,112
3,13,41,The Return,2007-01-18,8.8,2822,"Andy does the impossible--he makes everyone in the office miss Dwight, who is forced to take a job at Staples. Meanwhile, Oscar comes back to the office and Michael predictably throws a stereotypical Mexican party to celebrate.",Greg Daniels,Lee Eisenberg | Gene Stupnitsky | Michael Schur,207,44,2007,1,3,119
3,14,42,Ben Franklin,2007-02-01,8.1,2618,"Michael asks Jim to get a male stripper for Phyllis's office bachelorette party, but he gets a Ben Franklin impersonator instead. Meanwhile, the men's bachelor party goes as planned until Michael becomes uncomfortable with the stripper.",Randall Einhorn,Mindy Kaling,257,46,2007,2,3,133
3,15,43,Phyllis' Wedding,2007-02-08,8.2,2641,"Michael exaggerates the importance of his small role in Phyllis's wedding and makes an ass out of himself, and Pam notices that Phyllis stole all of her wedding ideas from her original wedding plans.",Ken Whittingham,Caroline Williams,180,55,2007,2,3,140
3,16,44,Business School,2007-02-15,8.9,3028,"Michael is a guest speaker for Ryan's business class, but they have a falling-out after Michael finds out that Ryan spoke negatively about Dunder-Mifflin. And back at the office, Dwight tries to kill a bat that he found in the ceiling.",Joss Whedon,Brent Forrester,255,57,2007,2,3,147
3,17,45,Cocktails,2007-02-22,8.5,2622,"While Michael and Jan go to their first Dunder Mifflin outing as an official couple, the office workers left behind go out for happy hour. During happy hour, Roy finds out that Jim and Pam kissed at Casino Night.",J. J. Abrams,Paul Lieberstein,340,61,2007,2,3,154
3,18,46,The Negotiation,2007-04-05,9.0,2968,"Dwight saves Jim from an attack by Roy, but Dwight won't allow Jim to thank him for it. Meanwhile, Darryl asks Michael for a pay raise, and Michael discovers that he is woefully underpaid--so Michael goes to headquarters to ask for one himself.",Jeffrey Blitz,Michael Schur,356,57,2007,4,3,196
3,19,47,Safety Training,2007-04-12,8.8,2798,"Andy returns to the office after weeks of anger management training, determined to make a fresh start with all the Dunder-Mifflin employees. Meanwhile, it's safety training day in the office, and Michael and Dwight are on a mission to illuminate the dangers of the workplace.",Harold Ramis,B. J. Novak,386,59,2007,4,3,203
3,20,48,Product Recall,2007-04-26,8.8,2790,"Michael tries to be proactive during a watermark crisis, but only makes the situation worse. Meanwhile, Angela has trouble being apologetic with customers, and Andy discovers a secret about his new girlfriend.",Randall Einhorn,Brent Forrester | Justin Spitzer,398,75,2007,4,3,217
3,21,49,Women's Appreciation,2007-05-03,8.8,2785,"Phyllis gets flashed in the parking lot, and Dwight goes all out to secure the premises. Michael ostensibly takes the women in the office to the mall to comfort them, but he's really doing it to get advice about breaking up with Jan.",Tucker Gates,Gene Stupnitsky | Lee Eisenberg,323,60,2007,5,3,224
3,22,50,Beach Games,2007-05-10,9.1,3200,"Michael uses ""beach day"" at Dunder-Mifflin to find out which employee would be his most capable replacement, just in case he receives the promotion to the New York office that he's applied for.",Harold Ramis,Jennifer Celotta | Greg Daniels,365,77,2007,5,3,231
3,23,51,The Job,2007-05-17,9.3,3461,"Michael appoints Dwight as regional manager, anticipating that he will receive the job at corporate. Jim and Karen also interview for the same position. And Michael gets back together with Jan after she gets a boob job.",Ken Kwapis,Paul Lieberstein | Michael Schur,544,88,2007,5,3,238
4,1,52,Fun Run,2007-09-27,8.8,3262,"Michael accidentally runs over Meridith in the parking lot, and his guilt causes him to organize a 5-K run for her. Dwight and Angela have a falling-out after he kills her cat, and Jim and Pam's relationship is discovered.",Greg Daniels,Greg Daniels,560,92,2007,9,3,0
4,2,53,Dunder Mifflin Infinity,2007-10-04,8.3,2605,"Michael feels threatened when Ryan returns to the Scranton office to share his ideas about the future of Dunder Mifflin. Jim and Pam's relationship is shared with the entire office, while Angela and Dwight's relationship is on the rocks.",Craig Zisk,Michael Schur,615,80,2007,10,3,7
4,3,54,Launch Party,2007-10-11,8.4,2517,"The Dunder Mifflin Infinity website is launching and Michael is excited about going to the big launch party in New York while Angela plans a satellite party for the Scranton branch. Meanwhile, Dwight competes against the website to see who can sell the most paper in one day.",Ken Whittingham,Jennifer Celotta,597,90,2007,10,3,14
4,4,55,Money,2007-10-18,8.7,2707,"As Jan renovates the condo, Michael confronts his growing debt every way he can, which includes pressuring his employees for a loan. Pam and Jim spend a night out on Dwight's family beet farm, now a bed and breakfast.",Paul Lieberstein,Paul Lieberstein,557,92,2007,10,3,21
4,5,56,Local Ad,2007-10-25,8.8,2767,"Michael tries to make a local Dunder Mifflin commercial that is better than the one the professional ad agency made for them. Meanwhile, Andy tries to confide in Dwight about his new relationship with Angela.",Jason Reitman,B. J. Novak,269,46,2007,10,3,28
4,6,57,Branch Wars,2007-11-01,8.5,2545,"Michael and Dwight try to play a prank on Karen, who is now manager of the Utica branch, after she tries to steal Stanley from the Scranton office. Meanwhile, Pam, Toby, and Oscar start their own exclusive office book club.",Joss Whedon,Mindy Kaling,324,50,2007,11,3,35
4,7,58,Survivor Man,2007-11-08,8.2,2459,"After Michael isn't invited to a camping trip with Ryan, he sets out to prove that he can brave it out in the wilderness by himself. Jim, who is in charge of the office while Michael is gone, tries to change the birthday party policy.",Paul Feig,Steve Carell,274,61,2007,11,3,42
4,8,59,The Deposition,2007-11-15,8.7,2574,"Michael is put in an awkward position when Jan sues Dunder Mifflin for wrongful termination and he is deposed as a witness. Meanwhile, Kelly begins smack-talking Pam after Darryl beats Jim at Ping-Pong.",Julian Farino,Lester Lewis,300,46,2007,11,3,49
4,9,60,Dinner Party,2008-04-10,9.4,4824,"Michael invites Jim and Pam and Andy and Angela to a couples-only dinner party, which makes Dwight very jealous. However, the only thing he's missing is a ringside seat to witness Michael and Jan's extremely dysfunctional home life.",Paul Feig,Gene Stupnitsky | Lee Eisenberg,331,31,2008,4,3,196
4,10,61,Chair Model,2008-04-17,8.1,2439,"Kevin and Andy team up to reclaim the stolen Dunder Mifflin parking spaces, which forces them into a showdown with the other four bosses of the office park. Meanwhile, Michael becomes fascinated by a woman modeling chairs in a catalog.",Jeffrey Blitz,B. J. Novak,276,49,2008,4,3,203
4,11,62,Night Out,2008-04-24,8.6,2536,"Michael and Dwight go to New York to party with Ryan, who is having lots of personal and professional problems. The rest of the office employees work late, and wind up getting locked in the business park.",Ken Whittingham,Mindy Kaling,362,51,2008,4,3,210
4,12,63,Did I Stutter?,2008-05-01,8.3,2434,"Michael tries to figure out how to respond to Stanley's insubordination during a meeting, and Dwight buys Andy's vehicle and immediately flips it for more money.",Randall Einhorn,Brent Forrester | Justin Spitzer,308,39,2008,5,3,217
4,13,64,Job Fair,2008-05-08,7.8,2305,"Dunder-Mifflin participates in a high school job fair, but few students are interested. Jim, Andy, and Kevin play a round of golf with a prospective client. Back at the office, everyone but Dwight and Angela leave for the day.",Tucker Gates,Gene Stupnitsky | Lee Eisenberg,252,52,2008,5,3,224
4,14,65,"Goodbye, Toby",2008-05-15,9.3,3453,"Michael throws an extravagant going-away party for Toby, and falls in love with the woman who is replacing him. Jim plans to propose to Pam at the party, but gets out-staged. Back at corporate, Ryan is arrested for fraud.",Paul Feig,Jennifer Celotta | Paul Lieberstein,617,103,2008,5,3,231
5,1,66,Weight Loss,2008-09-25,8.8,2880,"Michael tries to motivate the Scranton branch to lose weight as part of an interoffice competition. Jim is lost after Pam leaves for art school in New York, and Angela continues to see Dwight even though she is now engaged to Andy.",Paul Feig,Gene Stupnitsky | Lee Eisenberg,569,116,2008,9,3,0
5,2,67,Business Ethics,2008-10-09,8.3,2327,A confession at an H.R. business ethics seminar leads to a dispute between Michael and Holly over whether Meredith should be fired. Dwight tries to prove to Jim how long he can go without taking a personal break,Jeffrey Blitz,Ryan Koh,265,30,2008,10,3,14
5,3,68,Baby Shower,2008-10-16,8.0,2292,"After planning an office baby shower for Jan, Michael is upset when he finds out that she had the baby without him--even though he's already been told that he's not the baby's father.",Greg Daniels,Aaron Shure,311,49,2008,10,3,21
5,4,69,Crime Aid,2008-10-23,8.1,2213,"Michael and Holly have sex for the first time, and Michael holds a fund-raiser for the office after it is burglarized. Dwight confides in Phyllis after Andy and Angela set a wedding date, and Jim runs into Pam's ex-fiancÃ© Roy.",Jennifer Celotta,Charlie Grandy,311,50,2008,10,3,28
5,5,70,Employee Transfer,2008-10-30,8.1,2289,Holly is transferred back to New Hampshire after corporate discovers that she and Michael are dating. Dwight tries to apply to Cornell to get under Andy's skin. Pam's brothers and Pam decide to play a trick on Jim when they meet for lunch.,David Rogers,Anthony Q. Farrell,435,54,2008,10,3,35
5,6,71,Customer Survey,2008-11-06,8.5,2371,"Dwight and Jim believe that something is suspicious about their low customer performance ratings. After consulting with Angela, Andy finds the perfect site for their wedding--Dwight's beet farm.",Stephen Merchant,Lester Lewis,417,51,2008,11,3,42
5,7,72,Business Trip,2008-11-13,8.2,2201,"David Wallace sends Michael on a business trip to Winnipeg to help him forget about Holly's transfer to Nashua, and Pam tells Jim that she failed a class and has to stay in New York City.",Randall Einhorn,Brent Forrester,325,36,2008,11,3,49
5,8,73,Frame Toby,2008-11-20,8.6,2447,"When Michael discovers that corporate has brought back Toby to replace Holly, he tries to frame him with drugs and to get him fired. Meanwhile, Jim surprises Pam by buying his parents' house, and Pam files a secret complaints about Dwight.",Jason Reitman,Mindy Kaling,298,29,2008,11,3,56
5,9,74,The Surplus,2008-12-04,8.8,2437,"Michael has to spend the office surplus by they end of the day, but he can't decide between a copier or new chairs. Dwight plays a dirty trick on Angela as they prepare for Andy and Angela's wedding on the beet farm.",Paul Feig,Gene Stupnitsky | Lee Eisenberg,323,30,2008,12,3,70
5,10,75,Moroccan Christmas,2008-12-11,8.4,2300,"Phyllis blackmails Angela into doing the work for the Christmas party, which Michael turns into an intervention after Meredith gets drunk and sets her hair on fire. Meanwhile, Dwight corners the market on a popular Christmas gift.",Paul Feig,Justin Spitzer,240,49,2008,12,3,77
5,11,76,The Duel,2009-01-15,8.7,2376,"Moments before he leaves for New York for a meeting with David Wallace, Michael tells Andy that Angela and Dwight are seeing each other. Andy and Dwight then decide to have it out in the parking lot.",Dean Holland,Jennifer Celotta,291,34,2009,1,3,112
5,12,77,Prince Family Paper,2009-01-22,8.0,2298,"Michael's conscience gets the best of him after he and Dwight go undercover to scout a family-run competitor. Back at the office, everyone else spends the day debating whether Hilary Swank is hot.",Asaad Kelada,B. J. Novak,262,27,2009,1,3,119
5,13,78,Stress Relief,2009-02-01,9.7,7058,"Dwight's too-realistic fire alarm gives Stanley a heart attack. When he returns, Michael learns that he is the cause of Stanley's stress. To remedy the situation, he forces the office to throw a roast for him.",Jeffrey Blitz,Paul Lieberstein,416,70,2009,2,6,129
5,14,79,Lecture Circuit: Part 1,2009-02-05,8.2,2169,"While on lecture tour to other Dunder Mifflin branches, Michael and Pam discover that Jim's ex-girlfriend Karen is pregnant. At the office, Andy falls for a prospective client, and Jim and Dwight try to set up Kelly's birthday party.",Ken Kwapis,Mindy Kaling,237,31,2009,2,3,133
5,15,80,Lecture Circuit: Part 2,2009-02-12,8.2,2132,"Michael and Pam go to Nashua and discover that Holly has a new boyfriend. At the office, Jim and Dwight try to come up with a theme for Kelly's birthday party, and Angela gets a new cat.",Ken Kwapis,Mindy Kaling,254,34,2009,2,3,140
5,16,81,Blood Drive,2009-03-05,8.0,2164,"Michael holds a lonely hearts party on Valentine's Day at the office, hoping that he will run into a woman he met earlier that day at a blood drive. Meanwhile, Jim and Pam have an awkward lunch with Phillis and Bob Vance.",Randall Einhorn,Brent Forrester,300,39,2009,3,3,161
5,17,82,Golden Ticket,2009-03-12,8.7,2333,"Michael asks Dwight to be the scapegoat for one of his business ideas that backfired badly on him. But when that idea has an unexpected positive upside, Dwight still takes credit and Michael becomes furious.",Randall Einhorn,Mindy Kaling,311,32,2009,3,3,168
5,18,83,New Boss,2009-03-19,8.3,2194,"Michael gets upset when he gets a new boss to act as a buffer between him and David Wallace, and he gets even more upset when he disbands the Party Planning Committee and cancels Michael's fifteenth anniversary party.",Paul Feig,Gene Stupnitsky | Lee Eisenberg,297,35,2009,3,3,175
5,19,84,Two Weeks,2009-03-26,8.4,2181,"As Michael prepares to leave Dunder Mifflin, he announces that he will form his own paper company. Will anybody join him?",Paul Lieberstein,Aaron Shure,267,46,2009,3,3,182
5,20,85,Dream Team,2009-04-09,8.3,2182,Michael and Pam begin their first day as the Michael Scott Paper Company putting together the rest of the staff and trying to raise money.,Paul Feig,B. J. Novak,309,40,2009,4,3,196
5,21,86,Michael Scott Paper Company,2009-04-09,8.7,2391,"Tension and disillusionment begin to emerge as Michael, Pam, and Ryan move the Michael Scott Paper Company into a cramped ""workspace"" at the business park.",Gene Stupnitsky,Justin Spitzer,256,39,2009,4,3,196
5,22,87,Heavy Competition,2009-04-16,8.7,2250,"Dwight chooses loyalty to Dunder Mifflin over loyalty to Michael, which leads to a bitter battle between Michael and Dwight over Dwight's accounts. Back at Dunder Mifflin, Jim pretends to confide in Andy.",Ken Whittingham,Ryan Koh,298,46,2009,4,3,203
5,23,88,Broke,2009-04-23,9.2,2942,"The Michael Scott Paper Company is gaining clients by offering lower prices than Dunder Mifflin, but is going broke in the process. However, Dunder Mifflin is losing clients to him, and is desperate to buy him out.",Steve Carell,Charlie Grandy,288,32,2009,4,3,210
5,24,89,Casual Friday,2009-04-30,8.3,2162,"Michael returns to Dunder Mifflin and brings Ryan and Pam in as salespeople, but the existing salespeople demand that Michael return the clients they stole back to them. Meanwhile, some employees take the idea of Casual Friday too far.",Brent Forrester,Anthony Q. Farrell,319,35,2009,4,3,217
5,25,90,Cafe Disco,2009-05-07,8.7,2454,"Michael tries to create a place to escape from work in the storage room that used to house the Michael Scott Paper Company, while Jim and Pam consider taking off and getting married that day.",Randall Einhorn,Halsted Sullivan | Warren Lieberstein,298,54,2009,5,3,224
5,26,91,Company Picnic,2009-05-14,9.0,2581,"Michael runs into Holly at the company picnic, and the two of them accidentally reveal that the Buffalo branch is closing during a comedy skit before corporate has made the announcement.",Ken Kwapis,Jennifer Celotta | Paul Lieberstein,273,42,2009,5,3,231
6,1,92,Gossip,2009-09-17,8.8,2504,"Michael regrets revealing that Stanley is having an affair, so he spreads a bunch of lies about everyone else to cover his tracks--except that one of the lies that he spread actually turns out to be true.",Paul Lieberstein,Paul Lieberstein,332,31,2009,9,3,0
6,2,93,The Meeting,2009-09-24,8.1,2057,"Michael sabotages--then promotes--Jim's efforts at getting a promotion, while Dwight and Toby try to prove that Darryl has submitted a fraudulent medical claim.",Randall Einhorn,Aaron Shure,268,34,2009,9,3,7
6,3,94,The Promotion,2009-10-01,8.0,2052,Jim discovers just how hard being the boss can be when David Wallace forces Michael and him to determine which employees will be getting a raise.,Jennifer Celotta,Jennifer Celotta,303,28,2009,10,3,14
6,4,95,Niagara: Part 1 & 2,2009-10-08,9.4,4055,"The Office travels to Niagara Falls to celebrate Jim and Pam's wedding under strict orders not to mention Pam's pregnancy. Michael, Dwight, and Andy all want to hook up with guests at the wedding and Michael and Dwight meet twins. Pam is forced to deal with an embarrassing injury for Andy the night before her wedding, while Kevin deals with the loss of his dress shoes on the morning of the ceremony.",Paul Feig,Greg Daniels | Mindy Kaling,552,78,2009,10,3,21
6,5,96,Mafia,2009-10-15,7.6,2156,Michael meets with an insurance salesman that visits the office and is later convinced by Dwight and Andy that he is part of the mafia.,David Rogers,Brent Forrester,353,32,2009,10,3,28
6,6,97,The Lover,2009-10-22,8.6,2262,"Jim and Pam return from their honeymoon and learn, to their horror, that Michael is dating Pam's mom. Meanwhile, Dwight gives Jim a ""gift""--which actually has a listening device attached to it.",Lee Eisenberg,Gene Stupnitsky | Lee Eisenberg,315,31,2009,10,3,35
6,7,98,Koi Pond,2009-10-29,8.2,2047,"Michael is upset when he becomes the butt of all the office jokes after he falls in a koi pond. Andy and Pam go out together on some cold calls, and everybody mistakes them as a married couple.",Reggie Hudlin,Halsted Sullivan | Warren Lieberstein,319,39,2009,10,3,42
6,8,99,Double Date,2009-11-05,8.1,2018,"Michael sparks more anger from Pam when he breaks up with her mom on her birthday after he finds out she's 58, and Dwight unsuccessfully tries to get everyone in the office to owe him a favor.",Seth Gordon,Charlie Grandy,367,44,2009,11,3,49
6,9,100,Murder,2009-11-12,8.6,2385,"The entire office is preoccupied about rumors of Dunder Mifflin's bankruptcy. Michael tries to create a distraction by engaging everyone in murder-mystery game, but Jim wonders if that is a good idea.",Greg Daniels,Daniel Chun,247,51,2009,11,3,56
6,10,101,Shareholder Meeting,2009-11-19,8.2,2034,"Michael speaks out of line at the Dunder Mifflin shareholders meeting and creates a big problem for management, while Jim discovers that nobody in the office thinks he's the ""real"" boss.",Charles McDougall,Justin Spitzer,267,50,2009,11,3,63
6,11,102,Scott's Tots,2009-12-03,8.3,2345,"Ten years ago, Michael promised a group of third graders he would pay for their college tuition if they graduated. Now comes time to pay, and he can't do it. At the office, Dwight's employee of the month idea gets Jim in big trouble.",B. J. Novak,Gene Stupnitsky | Lee Eisenberg,265,37,2009,12,3,77
6,12,103,Secret Santa,2009-12-10,8.5,2162,"Michael gets upset when Jim promises Phyllis that she can be the office Santa, but the office Christmas party may be overshadowed by some bad news from David Wallace.",Randall Einhorn,Mindy Kaling,334,45,2009,12,3,84
6,13,104,The Banker,2010-01-21,6.8,2665,A banker representing a potential buyer comes to the Scranton branch to interview the H.R. department before the sale goes through.,Jeffrey Blitz,Jason Kessler,131,21,2010,1,3,126
6,14,105,Sabre,2010-02-04,7.7,1963,"Michael hates the changes that Dunder Mifflin's new owner is implementing, so he turns to David Wallace for advice. Jim and Pam find the perfect day care center, but Jim's mistake threatens to ruin the interview.",John Krasinski,Jennifer Celotta,264,42,2010,2,3,140
6,15,106,Manager and Salesman,2010-02-11,8.1,1942,"Sabre's CEO wants the Scranton branch to have one manager, and Michael voluntarily steps down and lets Jim become the boss when he finds out that salespeople make more money. However, he soon comes to regret the decision.",Marc Webb,Mindy Kaling,295,43,2010,2,3,147
6,16,107,The Delivery: Part 1 & 2,2010-03-04,8.4,2065,"Pam goes into labor and Jim is ready to take her to the hospital, but she refuses to go. Meanwhile, inspired by Pam and Jim's baby, Dwight and Angela try to reach a ""business agreement"" to have a baby of their own. After the baby is born, Pam has trouble getting the baby to breastfeed. At the office, Michael takes credit for hooking Jim and Pam up, and tries to do the same thing for Kevin and Erin, making Andy jealous.",Seth Gordon,Daniel Chun,625,70,2010,3,3,168
6,17,108,St. Patrick's Day,2010-03-11,7.7,1922,"It's St. Patrick's Day, and the CEO forces the office to work late because she won't leave. In addition, Michael unsuccessfully tries to suck up to his new boss, and Andy and Erin's first date is delayed because Erin is sick.",Randall Einhorn,Jonathan Hughes,279,45,2010,3,3,175
6,18,109,New Leads,2010-03-18,7.8,1885,"When the sales staff begins trying to boss around everyone in the office, Michael tries to teach them a lesson by withholding a valuable set of sales leads.",Brent Forrester,Brent Forrester,281,35,2010,3,3,182
6,19,110,Happy Hour,2010-03-25,8.6,2199,"Oscar gets everybody in the office to go to Happy Hour so that he can hit on a coworker in shipping. Pam tries to set up Michael with a friend at the bar, but Michael's alter ego, ""Date Mike,"" threatens to spoil the entire evening.",Matt Sohn,B. J. Novak,359,52,2010,3,3,189
6,20,111,Secretary's Day,2010-04-22,7.9,1892,"Michael creates problems for Andy on Secretary's Day when he tells Erin that Andy was engaged to Angela, and Kevin is upset after Oscar makes a video comparing Kevin to Cookie Monster.",Steve Carell,Mindy Kaling,267,37,2010,4,3,217
6,21,112,Body Language,2010-04-29,8.0,1922,"Michael is hopeful that a potential client is interested in him, but everyone in the office except Pam thinks he's wasting his time. Meanwhile, Dwight recruits Kelly to apply for the Sabre minority management training program.",Mindy Kaling,Justin Spitzer,328,50,2010,4,3,224
6,22,113,The Cover-Up,2010-05-06,8.2,1920,"Michael becomes convinced that Donna is having an affair and puts Dwight on the case, but Pam soon discovers that the suspicions may be true. Meanwhile, Darryl gets revenge on Andy for an earlier incident.",Rainn Wilson,Gene Stupnitsky | Lee Eisenberg,308,42,2010,5,3,231
6,23,114,The Chump,2010-05-13,7.8,1850,"Michael continues to see Donna even after learning she's married and meeting her husband, Dwight and Angela take their baby contract to an arbitrator, and Jim and Pam struggle to stay awake at the office.",Randall Einhorn,Aaron Shure,326,42,2010,5,3,238
6,24,115,Whistleblower,2010-05-20,8.0,1909,"Jo comes to the Scranton branch to find the whistle-blower. However, three different people have confessed to Michael, Michael is protecting them, and the person most people think is the culprit is keeping his mouth shut.",Paul Lieberstein,Halsted Sullivan | Warren Lieberstein,245,44,2010,5,3,245
7,1,116,Nepotism,2010-09-23,8.4,2220,"Everybody demands that Michael fire the new office assistant, but he won't because he's his nephew. Meanwhile, Pam tries to play a prank on Dwight, who has bought the office building, to make up for ruining Jim's prank.",Jeffrey Blitz,Daniel Chun,240,37,2010,9,3,0
7,2,117,Counseling,2010-09-30,8.2,1991,"Michael is forced to go through counseling with Toby, Dwight seeks revenge on a local mall that refused his business, and Pam tries to fake her way to a promotion.",Jeffrey Blitz,B. J. Novak,268,42,2010,9,3,7
7,3,118,Andy's Play,2010-10-07,8.2,2119,"Andy invites the entire office to watch him in the community theater production of ""Sweeney Todd,"" but Erin decides to babysit for Jim and Pam instead, and Michael is upset because he auditioned for the lead and didn't get it.",John Stuart Scott,Charlie Grandy,229,43,2010,10,3,14
7,4,119,Sex Ed,2010-10-14,7.9,1937,"A herpes scare causes Michael to get back in touch with his ex-girlfriends, where he decides to reevaluate those relationships. Meanwhile, Andy tries to teach safe sex to his officemates, but he has a clear ulterior motive.",Paul Lieberstein,Paul Lieberstein,321,36,2010,10,3,21
7,5,120,The Sting,2010-10-21,7.8,1896,"Michael organizes a sting operation to find out the secrets of a rival paper company's salesman who is stealing Dunder Mifflin's clients, and Andy gets Darryl's help to form a band.",Randall Einhorn,Mindy Kaling,390,35,2010,10,3,28
7,6,121,Costume Contest,2010-10-28,8.2,1971,"It's Halloween at Dunder Mifflin, and Michael is upset that Darryl went over his head with an idea, and Jim and Pam are obsessed with finding out why Danny didn't call Pam back when they were dating four years ago.",Dean Holland,Justin Spitzer,284,53,2010,10,3,35
7,7,122,Christening,2010-11-04,7.4,1966,"During Jim and Pam's daughter's christening, Michael becomes upset over the lack of family-like unity between himself and his employees. So he responds by impulsively joining a teenage church mission to Mexico.",Alex Hardcastle,Peter Ocko,286,48,2010,11,3,42
7,8,123,Viewing Party,2010-11-11,7.8,1925,"Michael sabotages Erin's ""Glee"" viewing party because of his contempt for Gabe, Jim and Pam discover that Dwight can keep their daughter from crying, and Andy has a bad reaction to a mixture of wine and a Japanese stimulant.",Ken Whittingham,Jon Vitti,278,42,2010,11,3,49
7,9,124,WUPHF.com,2010-11-18,7.7,1871,"Some co-workers who invested in Ryan's Internet venture want him to sell, but Michael refuses to go along. Meanwhile, Jim loses his motivation to work when he reaches his commission cap, and Dwight creates a hay festival in the parking lot.",Danny Leiner,Aaron Shure,307,38,2010,11,3,56
7,10,125,China,2010-12-02,8.2,1958,"Pam stands up to Dwight when he makes cutbacks to save money in the building, but will Dwight have the last laugh? Meanwhile, the office is surprised and energized when Michael outsmarts Oscar in a debate about China.",Charles McDougall,Halsted Sullivan | Warren Lieberstein,310,35,2010,12,3,70
7,11,126,Classy Christmas,2010-12-09,9.0,2514,"Michael throws an elaborate Christmas party to celebrate Holly's temporary return to the Scranton branch, but is disappointed when he learns that she still has a boyfriend.",Rainn Wilson,Mindy Kaling,598,80,2010,12,3,77
7,12,127,Ultimatum,2011-01-20,8.3,2002,"Michael gets upset when Holly returns from the holidays without an engagement ring, but still together with her boyfriend. Meanwhile, Pam tries to help her co-workers keep with their New Year's resolutions.",David Rogers,Carrie Kemper,319,36,2011,1,3,119
7,13,128,The Seminar,2011-01-27,7.7,1904,"Andy tries to host a small business seminar at the office. Michael agrees to help by posing as a Greek entrepreneur, and tries to get Holly to play along.",B. J. Novak,Steve Hely,284,47,2011,1,3,126
7,14,129,The Search,2011-02-03,8.5,2065,"When Jim gets an emergency phone call from Helene, he is forced to leave Michael in the bathroom of a gas station. Meanwhile, Holly, Erin and Dwight set out on a journey to find Michael. Back at the office Pam's artwork starts a captioning contest that seems to offend Gabe.",Michael Spiller,Brent Forrester,310,26,2011,2,3,133
7,15,130,PDA,2011-02-10,8.4,2048,"It's Valentine's Day, and the office is fed up with Michael and Holly's PDA, Andy helps Erin solve Gabe's riddles to find her gift, and Jim and Pam get drunk and try to find a place in the office to have sex.",Greg Daniels,Robert Padnick,352,41,2011,2,3,140
7,16,131,Threat Level Midnight,2011-02-17,9.4,4236,"Michael finally finishes his movie ""Threat Level Midnight"" and screens it for his employees at Dunder Mifflin, but Holly is less than enthusiastic for his finished product.",Tucker Gates,B. J. Novak,72,26,2011,2,3,147
7,17,132,Todd Packer,2011-02-24,7.5,1872,"Everyone is up in arms after Michael convinces Holly to give Todd Packer an office job, and Andy gets upset after Pam gets a new computer for reception but not for him.",Randall Einhorn,Amelie Gillette,313,30,2011,2,3,154
7,18,133,Garage Sale,2011-03-24,9.3,3216,"Michael plans to propose to Holly the day of the Dunder Mifflin garage sale, but Holly may have to take an extended leave of absence to Colorado because her father is sick.",Steve Carell,Jon Vitti,290,39,2011,3,3,182
7,19,134,Training Day,2011-04-14,7.8,1950,"Michael makes fast friends with the man coming in to replace him at Dunder Mifflin, but later begins to have second thoughts after seeing him in action.",Paul Lieberstein,Daniel Chun,244,35,2011,4,3,203
7,20,135,Michael's Last Dundies,2011-04-21,9.0,2598,"Michael hosts his final ""Dundies"" as the boss at the Scranton branch, but tension is in the air, and Deangelo Vickers, the new boss, is having trouble with his co-hosting duties.",Mindy Kaling,Mindy Kaling,262,29,2011,4,3,210
7,21,136,"Goodbye, Michael",2011-04-28,9.8,6909,"As the office gets ready for Michael's final day at Dunder Mifflin, Michael doesn't tell anyone that he's leaving a day early. Meanwhile, Deangelo accompanies a nervous Andy on a visit to one of Michael's old clients.",Paul Feig,Greg Daniels,329,53,2011,4,3,217
7,22,137,The Inner Circle,2011-05-05,7.7,1918,"Tensions rise and feelings are hurt when Deangelo creates an ""inner circle"" at the office--which is only composed of men.",Matt Sohn,Charlie Grandy,265,39,2011,5,3,224
7,23,138,"Dwight K. Schrute, (Acting) Manager",2011-05-12,8.7,2134,"When Jim rejects Jo's offer, Dwight becomes acting manager at the Scranton branch, but an accident could cause his tenure to be short-lived.",Troy Miller,Justin Spitzer,257,32,2011,5,3,231
7,24,139,Search Committee,2011-05-19,8.8,2344,"The Scranton branch puts together a search committee to find the next boss, but the pool of interviewees proves to be less than impressive, and Dwight demands an interview in spite of his gun accident.",Jeffrey Blitz,Paul Lieberstein,494,80,2011,5,3,238
8,1,140,The List,2011-09-22,8.2,2102,"New Dunder Mifflin CEO Robert California leaves a piece of paper with a line down the middle that has names of the Scranton staff on either side of it, leading everyone to try and figure out what it means.",B. J. Novak,B. J. Novak,274,60,2011,9,3,0
8,2,141,The Incentive,2011-09-29,8.1,1943,"Under pressure from Robert to increase branch sales, Andy offers an incentive program to the sales staff, which backfires on him when he offers a very personal grand prize.",Charles McDougall,Paul Lieberstein,320,40,2011,9,3,7
8,3,142,Lotto,2011-10-06,7.3,1858,"After the entire warehouse staff wins the lottery and quits their job, Darryl becomes depressed and demands to be fired. Meanwhile, the office staff is forced to load the truck for their orders themselves.",John Krasinski,Charlie Grandy,317,42,2011,10,3,14
8,4,143,Garden Party,2011-10-13,8.1,1993,"Andy claims to be throwing a garden party at Dwight's farm to impress Robert California, but he's really doing it to win the approval of his parents, who appear to favor his younger brother.",David Rogers,Justin Spitzer,267,55,2011,10,3,21
8,5,144,Spooked,2011-10-27,7.6,1797,"Erin is worried that she is about to get fired after she organizes a disastrous office Halloween party for Robert and his son. Meanwhile, Robert probes the minds of the employees to come up with the perfect spooky story.",Randall Einhorn,Carrie Kemper,291,52,2011,10,3,35
8,6,145,Doomsday,2011-11-03,7.7,1718,"Dwight installs a ""Doomsday Device"" on the office computers that could get everyone fired if they make too many mistakes, while Gabe tries to hit on one of Darryl's warehouse employees.",Troy Miller,Daniel Chun,324,52,2011,11,3,42
8,7,146,Pam's Replacement,2011-11-10,7.7,1833,"A pregnant and insecure Pam tries to prove that Jim is attracted to her temp replacement, and Robert and his musician friends take over a jam session with Andy, Kevin and Darryl.",Matt Sohn,Allison Silverman,321,36,2011,11,3,49
8,8,147,Gettysburg,2011-11-17,6.9,1850,Andy decides to motivate and inspire everyone by taking them on a field trip to Gettysburg. Some people in the office stay behind and Robert California asks them to come up with Dunder Mifflin/Sabre's next big idea.,Jeffrey Blitz,Robert Padnick,282,45,2011,11,3,56
8,9,148,Mrs. California,2011-12-01,7.7,1812,"Robert brings his wife to the office so that she can find a job, but he gives Andy conflicting messages about whether to hire her. Meanwhile, Dwight opens a gym in the building and tries to persuade Darryl to join.",Charlie Grandy,Dan Greaney,299,48,2011,12,3,70
8,10,149,Christmas Wishes,2011-12-08,8.0,1795,"Andy tries to make this year's Christmas the best ever by granting each person's holiday wishes. Meanwhile, Robert California tries to drown his sorrows at the office party.",Ed Helms,Mindy Kaling,352,55,2011,12,3,77
8,11,150,Trivia,2012-01-12,7.9,1742,"Andy hopes to make up for a sales deficiency by entering and winning a bar trivia competition, while Dwight flies to corporate headquarters in Florida to demand a management interview with Robert.",B. J. Novak,Steve Hely,269,33,2012,1,3,112
8,12,151,Pool Party,2012-01-19,8.0,1887,"Robert throws a party for the Dunder Mifflin staff at his house before he sells it because of his divorce. At the party, Erin and Dwight agree to flirt with each other to make Andy jealous, and Jim tries in vain to duck out early.",Charles McDougall,Owen Ellickson,316,45,2012,1,3,119
8,13,152,Jury Duty,2012-02-02,7.5,1717,"Jim gets caught in a lie about his week of ""jury duty,"" and new questions emerge when Angela gives birth to a ""premature"" baby.",Eric Appel,Aaron Shure,372,42,2012,2,3,133
8,14,153,Special Project,2012-02-09,7.7,1671,"Andy puts Dwight in charge of a special project in Tallahassee, but Dwight doesn't like the team Andy's assembled for him. Meanwhile, Darryl tries to figure out the meaning of Val's Valentine's gift.",David Rogers,Amelie Gillette,290,41,2012,2,3,140
8,15,154,Tallahassee,2012-02-16,7.8,1774,"Dwight refuses to let appendicitis get in the way of leading his new team in Tallahassee, while Andy decides to step in for Erin as secretary in the office.",Matt Sohn,Daniel Chun,245,36,2012,2,3,147
8,16,155,After Hours,2012-02-23,8.1,1828,"In Tallahassee, Dwight and Todd Packer try to romance Nellie to get the VP position, while Jim wonders if a colleague is trying to hit on him. Back in Scranton, Val's boyfriend shows up with a message for Darryl.",Brian Baumgartner,Halsted Sullivan | Warren Lieberstein,339,41,2012,2,3,154
8,17,156,Test the Store,2012-03-01,7.8,1721,"Dwight and his team get ready for the grand opening of the Sabre Store, while Andy makes Toby teach self-defense to the Scranton branch employees after he is beat up in the parking lot by a girl.",Brent Forrester,Mindy Kaling,259,29,2012,3,3,161
8,18,157,Last Day in Florida,2012-03-08,7.8,1681,"Jim tries to warn Dwight that he's going to be fired after Robert rejects the Sabre Store idea, but he refuses to listen. Meanwhile, Darryl and Toby try to sell cookies to Kevin, and Erin tells Andy she's not coming back from Florida.",Matt Sohn,Robert Padnick,264,40,2012,3,3,168
8,19,158,Get the Girl,2012-03-15,6.6,1944,"Andy goes to Tallahassee to tell Erin that he loves her and needs her to return to Scranton. Meanwhile, Nellie shows up in Scranton and tries to claim Andy's manager position by offering everyone raises.",Rainn Wilson,Charlie Grandy,261,41,2012,3,3,175
8,20,159,Welcome Party,2012-04-12,7.1,1739,"Andy tries to break up with his girlfriend after going to Florida to declare his love for Erin, and the office employees are forced against their will to throw a party for the hated Nellie.",Ed Helms,Steve Hely,307,25,2012,4,3,203
8,21,160,Angry Andy,2012-04-19,7.1,1857,"Andy and Erin return to Dunder Mifflin, only to discover that Nellie has taken his job and office and refuses to give them up. Meanwhile, Ryan becomes jealous after Pam tries to play matchmaker for Kelly.",Claire Scanlon,Justin Spitzer,292,51,2012,4,3,210
8,22,161,Fundraiser,2012-04-26,7.1,1694,Andy confronts Robert for the first time after losing the manager position and quitting his job at a fund raiser sponsored by Angela's husband.,David Rogers,Owen Ellickson,239,38,2012,4,3,217
8,23,162,Turf War,2012-05-03,7.6,1630,"Dwight and Jim fight with the Syracuse over a client after Robert shuts down the Binghamton branch, and Andy sees an opportunity for revenge. Meanwhile Robert tries to figure out the contents of a drunken voicemail to Nellie.",Daniel Chun,Halsted Sullivan | Warren Lieberstein,288,36,2012,5,3,224
8,24,163,Free Family Portrait Studio,2012-05-10,7.7,1702,"With former CEO David Wallace's help, Andy launches a plan to get revenge on the Scranton branch. Meanwhile, Dwight launches his own plan to find out if he's the father of Angela's baby.",B. J. Novak,B. J. Novak,295,44,2012,5,3,231
9,1,164,New Guys,2012-09-20,7.6,1837,"Dwight and Jim are intimidated by the office's newest additions, who are considered younger versions of themselves. Meanwhile, Andy tries to make Nellie's life miserable, and Angela tries to get rid of one of her cats.",Greg Daniels,Greg Daniels,225,56,2012,9,3,0
9,2,165,Roy's Wedding,2012-09-27,7.2,1730,"After Roy's wedding, Jim and Pam wonder if they still have any secrets they're hiding from each other. Meanwhile, Clark tricks Erin into a ""news audition,"" and Dwight challenges Nellie's new charity initiative.",Matt Sohn,Allison Silverman,296,47,2012,9,3,7
9,3,166,Andy's Ancestry,2012-10-04,7.4,1712,"Nellie plays a trick on Andy after researching his ancestry, Dwight teaches Erin a new language, and Pam tries to teach Nellie how to drive.",David Rogers,Jonathan Green | Gabe Miller,243,48,2012,10,3,14
9,4,167,Work Bus,2012-10-18,7.8,1809,"When Jim convinces Dwight that the building is unsafe, Dwight rents a bus and sets up the office inside. Nellie asks for Andy's help in adopting a baby. Meanwhile, Jim tries to make Pam happy with some pie.",Bryan Cranston,Brent Forrester,316,39,2012,10,3,28
9,5,168,Here Comes Treble,2012-10-25,7.0,1780,"On Halloween, the Cornell a Capella group pays a visit to Andy, Dwight discovers that Nellie takes anxiety pills, and Pam disapproves of Jim's business decision.",Claire Scanlon,Owen Ellickson,292,39,2012,10,3,35
9,6,169,The Boat,2012-11-08,7.7,1720,"Andy has one last chance to captain the family boat before he sells it, Jim, Pam, and Nellie prank Dwight with a radio interview, and Kevin finds out about Oscar's affair with Angela's husband.",John Krasinski,Dan Sterling,283,48,2012,11,3,49
9,7,170,The Whale,2012-11-15,7.6,1652,"The office trains Dwight to sell to a female client without being offensive, only to discover that the client is Jan Levinson. Angela and Oscar both think the senator is cheating on them, and Jim has trouble on an important conference call.",Rodman Flender,Carrie Kemper,294,39,2012,11,3,56
9,8,171,The Target,2012-11-29,7.8,1693,"Angela orders a hit on Oscar for cheating with her husband, the office makes a tower with their customer complaint cards, Jim wines and dines Stanley and Phyllis in exchange for a favor, and Pam begins her mural.",Brent Forrester,Graham Wagner,322,36,2012,11,3,70
9,9,172,Dwight Christmas,2012-12-06,8.3,1918,"Dwight puts together a Pennsylvania Dutch-themed office Christmas party, but he ends it abruptly because Jim has to leave for his other job. Meanwhile, Erin seeks comfort from a co-worker after a disappointing text from Andy.",Charles McDougall,Robert Padnick,287,40,2012,12,3,77
9,10,173,Lice,2013-01-10,7.6,1720,"Pam causes a lice outbreak but lets Meredith take the blame, Jim has a business meeting with Dr. J, and some coworkers try to get Darryl and Val back together.",Rodman Flender,Niki Schwartz-Wright,253,52,2013,1,3,112
9,11,174,Suit Warehouse,2013-01-17,7.9,1697,"Dwight and Clark pose as father and son to get an account, Darryl goes for an interview with Jim's new business, and everybody in the office goes crazy over a new espresso machine.",Matt Sohn,Dan Greaney,268,36,2013,1,3,119
9,12,175,Customer Loyalty,2013-01-24,8.0,1754,"Dwight tries to keep Daryl from leaving Dunder Mifflin, Jim misses his daughter's recital because of an important business meeting, and Nellie is worried that Erin will dump Andy for Pete.",Kelly Cantley,Jonathan Green | Gabe Miller,283,51,2013,1,3,126
9,13,176,Junior Salesman,2013-01-31,7.6,1644,Dwight gets to hire a new salesman to replace Jim when he is at his other job. But will he promote Clark or go with one of his unqualified friends instead?,David Rogers,Carrie Kemper,279,47,2013,1,3,133
9,14,177,Vandalism,2013-01-31,7.5,1641,"Pam tries to find out who vandalized her mural, Darryl finds out that Jim is a slob, and Oscar and Kevin go to Angela and The Senator's child's first birthday party.",Lee Kirk,Owen Ellickson,260,38,2013,1,3,133
9,15,178,Couples Discount,2013-02-07,7.3,1655,"Andy returns after three months to an angry office and an even angrier girlfriend, and Jim's Valentines Day with Pam does not go as planned.",Troy Miller,Allison Silverman,260,35,2013,2,3,140
9,16,179,Moving On,2013-02-14,8.1,1839,"Andy finds out that Erin dumped him for Pete, Dwight gets Angela's help taking care of his aunt, and Pam interviews with a real estate firm whose boss is a carbon-copy of Michael Scott.",Jon Favreau,Graham Wagner,501,52,2013,2,3,147
9,17,180,The Farm,2013-03-14,7.5,1931,Show follows Dwight Schrute a beet farmer running a bed and breakfast inn.,Paul Lieberstein,Paul Lieberstein,219,36,2013,3,3,175
9,18,181,Promos,2013-04-04,8.0,1691,"The release of the documentary promos creates tension for the Dunder Mifflin employees, Dwight considers a business venture with his girlfriend's family, and Jim and Darryl have an awkward business meeting with baseball player Ryan Howard.",Jennifer Celotta,Tim McAuliffe,318,35,2013,4,3,196
9,19,182,Stairmageddon,2013-04-11,8.0,1743,"Dwight shoots Stanley with a bull tranquilizer after he refuses to go on a sales call, Jim and Pam head to marriage counseling, The Senator comes out of the closet, and Andy tries to find a talent agent.",Matt Sohn,Dan Sterling,273,49,2013,4,3,203
9,20,183,Paper Airplane,2013-04-25,8.0,1748,"The employees hold a paper airplane competition, Andy gets an acting role in a workplace safety video, and Jim and Pam's marriage tensions continue to build.",Jesse Peretz,Halsted Sullivan | Warren Lieberstein,234,46,2013,4,3,217
9,21,184,Livin' the Dream,2013-05-02,9.0,2439,"Dwight becomes regional manager after Andy quits his job, Jim dedicates more time to his Dunder Mifflin job to save his marriage, and Angela has problems with her new living arrangements after her breakup with The Senator.",Jeffrey Blitz,Niki Schwartz-Wright,382,53,2013,5,3,224
9,22,185,A.A.R.M.,2013-05-09,9.5,3401,"Dwight prepares for a marriage proposal and hires an assistant for his assistant, Andy auditions for a singing program, Darryl tries to leave his job without a fuss, and Pam has second thoughts about Jim staying in Scranton.",David Rogers,Brent Forrester,501,70,2013,5,3,231
9,23,186,Finale,2013-05-16,9.8,9269,"One year later, Dunder Mifflin employees past and present reunite for a panel discussion about the documentary and to attend Dwight and Angela's wedding.",Ken Kwapis,Greg Daniels,522,116,2013,5,3,238
